world_id,state_key,pair_type,mean_cosine_distance,median_cosine_distance,n_pairs,same_label_pair,baseline_same_mean_cosine,pair_gap_vs_same_cosine
eval_world_000000,final_prompt,False,0.03022556374038475,0.029934942722320557,276,True,,
eval_world_000000,final_prompt,False__True,0.0426584602230125,0.040157824754714966,576,False,0.0329823409733565,0.009676119249656001
eval_world_000000,final_prompt,False__Unknown,0.03437113720509741,0.032506316900253296,576,False,0.031177838967330215,0.003193298237767192
eval_world_000000,final_prompt,True,0.03573911820632824,0.034553468227386475,276,True,,
eval_world_000000,final_prompt,True__Unknown,0.043236484130223594,0.04113095998764038,576,False,0.033934616200301956,0.009301867929921638
eval_world_000000,final_prompt,Unknown,0.03213011419427567,0.02975749969482422,276,True,,
eval_world_000001,final_prompt,False,0.028890426608099453,0.0275689959526062,276,True,,
eval_world_000001,final_prompt,False__True,0.034460284643703036,0.03375408053398132,576,False,0.03215323939271595,0.002307045250987086
eval_world_000001,final_prompt,False__Unknown,0.035241757002141744,0.03508979082107544,576,False,0.03255239658165669,0.0026893604204850513
eval_world_000001,final_prompt,True,0.03541605217733245,0.03604471683502197,276,True,,
eval_world_000001,final_prompt,True__Unknown,0.038262600286139384,0.038574397563934326,576,False,0.035815209366273186,0.0024473909198661978
eval_world_000001,final_prompt,Unknown,0.03621436655521393,0.03819918632507324,276,True,,
eval_world_000002,final_prompt,False,0.024809602809988934,0.024623095989227295,276,True,,
eval_world_000002,final_prompt,False__True,0.041450272417730756,0.04255184531211853,576,False,0.03196610801893732,0.009484164398793439
eval_world_000002,final_prompt,False__Unknown,0.029664882355266146,0.03155386447906494,576,False,0.023692334151786308,0.005972548203479838
eval_world_000002,final_prompt,True,0.039122613227885704,0.040961623191833496,276,True,,
eval_world_000002,final_prompt,True__Unknown,0.04365123104717997,0.043412595987319946,576,False,0.03084883936073469,0.012802391686445275
eval_world_000002,final_prompt,Unknown,0.02257506549358368,0.025731325149536133,276,True,,
eval_world_000003,final_prompt,False,0.024402249334515003,0.02567899227142334,276,True,,
eval_world_000003,final_prompt,False__True,0.03493518092566066,0.03439417481422424,576,False,0.02972025888553564,0.005214922040125022
eval_world_000003,final_prompt,False__Unknown,0.024820901453495026,0.026271909475326538,576,False,0.02223298353129539,0.0025879179221996347
eval_world_000003,final_prompt,True,0.035038268436556275,0.037574708461761475,276,True,,
eval_world_000003,final_prompt,True__Unknown,0.032546240008539624,0.03062307834625244,576,False,0.027550993082316025,0.0049952469262236
eval_world_000003,final_prompt,Unknown,0.020063717728075775,0.022091925144195557,276,True,,
eval_world_000004,final_prompt,False,0.027549429216246674,0.027765750885009766,276,True,,
eval_world_000004,final_prompt,False__True,0.03538181922501988,0.03615158796310425,576,False,0.026888582477535027,0.008493236747484853
eval_world_000004,final_prompt,False__Unknown,0.031343188136816025,0.030618727207183838,576,False,0.028447355697120445,0.0028958324396955795
eval_world_000004,final_prompt,True,0.02622773573882338,0.028576314449310303,276,True,,
eval_world_000004,final_prompt,True__Unknown,0.03928242334061199,0.038540273904800415,576,False,0.027786508958408798,0.011495914382203189
eval_world_000004,final_prompt,Unknown,0.029345282177994217,0.029984772205352783,276,True,,
eval_world_000005,final_prompt,False,0.01765821571799292,0.019492506980895996,276,True,,
eval_world_000005,final_prompt,False__True,0.040276860611306295,0.03872048854827881,576,False,0.026969226914039558,0.013307633697266737
eval_world_000005,final_prompt,False__Unknown,0.0327312188843886,0.03218713402748108,576,False,0.02045429076837457,0.012276928116014035
eval_world_000005,final_prompt,True,0.03628023811008619,0.03806936740875244,276,True,,
eval_world_000005,final_prompt,True__Unknown,0.03281458467245102,0.03214329481124878,576,False,0.029765301964421204,0.0030492827080298157
eval_world_000005,final_prompt,Unknown,0.023250365818756214,0.023827075958251953,276,True,,
eval_world_000006,final_prompt,False,0.02741518962210503,0.02580416202545166,276,True,,
eval_world_000006,final_prompt,False__True,0.031214461972316105,0.0314255952835083,576,False,0.02479480498510858,0.006419656987207523
eval_world_000006,final_prompt,False__Unknown,0.02936404777897729,0.028901666402816772,576,False,0.025743626813957657,0.003620420965019633
eval_world_000006,final_prompt,True,0.022174420348112133,0.024501681327819824,276,True,,
eval_world_000006,final_prompt,True__Unknown,0.035371065553691655,0.03466987609863281,576,False,0.02312324217696121,0.012247823376730447
eval_world_000006,final_prompt,Unknown,0.02407206400581028,0.024773836135864258,276,True,,
eval_world_000007,final_prompt,False,0.025641531831976296,0.025828063488006592,276,True,,
eval_world_000007,final_prompt,False__True,0.03466656804084778,0.03602662682533264,576,False,0.025287212237067844,0.009379355803779934
eval_world_000007,final_prompt,False__Unknown,0.02751945083340009,0.028043657541275024,576,False,0.021583492449228314,0.005935958384171776
eval_world_000007,final_prompt,True,0.024932892642159393,0.02607285976409912,276,True,,
eval_world_000007,final_prompt,True__Unknown,0.026048595706621807,0.025515645742416382,576,False,0.021229172854319862,0.004819422852301945
eval_world_000007,final_prompt,Unknown,0.01752545306648033,0.018411636352539062,276,True,,
eval_world_000008,final_prompt,False,0.02112857889438021,0.021859467029571533,276,True,,
eval_world_000008,final_prompt,False__True,0.03761194853319062,0.032981812953948975,576,False,0.033417340637981026,0.004194607895209597
eval_world_000008,final_prompt,False__Unknown,0.03355123019880719,0.03372809290885925,576,False,0.025951925719129867,0.00759930447967732
eval_world_000008,final_prompt,True,0.04570610238158185,0.03845691680908203,276,True,,
eval_world_000008,final_prompt,True__Unknown,0.04467188608315256,0.03851345181465149,576,False,0.03824068746273068,0.00643119862042188
eval_world_000008,final_prompt,Unknown,0.030775272543879524,0.03191947937011719,276,True,,
eval_world_000009,final_prompt,False,0.021988723157108692,0.021975159645080566,276,True,,
eval_world_000009,final_prompt,False__True,0.03983482470115026,0.03543761372566223,576,False,0.033387994636660034,0.006446830064490226
eval_world_000009,final_prompt,False__Unknown,0.02475720312860277,0.025585263967514038,576,False,0.023032477476458618,0.001724725652144151
eval_world_000009,final_prompt,True,0.04478726611621138,0.04345911741256714,276,True,,
eval_world_000009,final_prompt,True__Unknown,0.0396895847386784,0.03581362962722778,576,False,0.034431748956009964,0.005257835782668439
eval_world_000009,final_prompt,Unknown,0.024076231795808544,0.0250474214553833,276,True,,
eval_world_000010,final_prompt,False,0.02952703444854073,0.029470384120941162,276,True,,
eval_world_000010,final_prompt,False__True,0.03891679934329457,0.03693774342536926,576,False,0.03411973095026569,0.004797068393028875
eval_world_000010,final_prompt,False__Unknown,0.028633995602528255,0.0278170108795166,576,False,0.023996309093807056,0.004637686508721199
eval_world_000010,final_prompt,True,0.038712427451990654,0.0392303466796875,276,True,,
eval_world_000010,final_prompt,True__Unknown,0.03824617672297689,0.038004666566848755,576,False,0.028589005595532017,0.009657171127444877
eval_world_000010,final_prompt,Unknown,0.01846558373907338,0.01988685131072998,276,True,,
eval_world_000011,final_prompt,False,0.03207653458567633,0.03157210350036621,276,True,,
eval_world_000011,final_prompt,False__True,0.035191773954364985,0.03379502892494202,576,False,0.03167382433362629,0.003517949620738696
eval_world_000011,final_prompt,False__Unknown,0.041084756039910846,0.040516793727874756,576,False,0.02586937328611595,0.015215382753794894
eval_world_000011,final_prompt,True,0.03127111408157625,0.03053295612335205,276,True,,
eval_world_000011,final_prompt,True__Unknown,0.034655989044242434,0.034283339977264404,576,False,0.02546666303406591,0.009189326010176524
eval_world_000011,final_prompt,Unknown,0.01966221198655557,0.021083176136016846,276,True,,
eval_world_000012,final_prompt,False,0.03434539726678876,0.03540915250778198,276,True,,
eval_world_000012,final_prompt,False__True,0.03981320559978485,0.03802335262298584,576,False,0.03483738501866659,0.0049758205811182635
eval_world_000012,final_prompt,False__Unknown,0.03559988447361522,0.03680804371833801,576,False,0.028672404803227688,0.006927479670387534
eval_world_000012,final_prompt,True,0.03532937277054441,0.03475695848464966,276,True,,
eval_world_000012,final_prompt,True__Unknown,0.04417800116870138,0.04231563210487366,576,False,0.029164392555105514,0.015013608613595866
eval_world_000012,final_prompt,Unknown,0.022999412339666615,0.022578060626983643,276,True,,
eval_world_000013,final_prompt,False,0.026665421499722244,0.029177188873291016,276,True,,
eval_world_000013,final_prompt,False__True,0.04150030554996596,0.041201382875442505,576,False,0.03630914517502854,0.005191160374937422
eval_world_000013,final_prompt,False__Unknown,0.03140981743733088,0.03162357211112976,576,False,0.0285974372772203,0.002812380160110581
eval_world_000013,final_prompt,True,0.04595286885033483,0.04449152946472168,276,True,,
eval_world_000013,final_prompt,True__Unknown,0.04193401998943753,0.04109516739845276,576,False,0.03824116095252659,0.0036928590369109393
eval_world_000013,final_prompt,Unknown,0.03052945305471835,0.032109856605529785,276,True,,
eval_world_000014,final_prompt,False,0.03905999876450801,0.03756213188171387,276,True,,
eval_world_000014,final_prompt,False__True,0.03989336598250601,0.0384238064289093,576,False,0.035585592082445175,0.004307773900060832
eval_world_000014,final_prompt,False__Unknown,0.03765884331530995,0.03692331910133362,576,False,0.03624620137439258,0.001412641940917371
eval_world_000014,final_prompt,True,0.03211118540038233,0.03140616416931152,276,True,,
eval_world_000014,final_prompt,True__Unknown,0.037982792490058474,0.0368114709854126,576,False,0.032771794692329735,0.005210997797728739
eval_world_000014,final_prompt,Unknown,0.033432403984277145,0.035360872745513916,276,True,,
eval_world_000015,final_prompt,False,0.03437162287857221,0.03518176078796387,276,True,,
eval_world_000015,final_prompt,False__True,0.035339305798212685,0.03581428527832031,576,False,0.03219824381496595,0.0031410619832467346
eval_world_000015,final_prompt,False__Unknown,0.03654393843478627,0.03661280870437622,576,False,0.029865167603112648,0.006678770831673619
eval_world_000015,final_prompt,True,0.03002486475135969,0.03265786170959473,276,True,,
eval_world_000015,final_prompt,True__Unknown,0.03342851789461242,0.03317496180534363,576,False,0.027691788539506386,0.005736729355106031
eval_world_000015,final_prompt,Unknown,0.025358712327653084,0.025414586067199707,276,True,,
eval_world_000016,final_prompt,False,0.03454258519670238,0.036805152893066406,276,True,,
eval_world_000016,final_prompt,False__True,0.03563604959183269,0.034683406352996826,576,False,0.032464204599028046,0.003171844992804644
eval_world_000016,final_prompt,False__Unknown,0.03772620939546161,0.03851759433746338,576,False,0.031185252295024155,0.006540957100437457
eval_world_000016,final_prompt,True,0.03038582400135372,0.03215742111206055,276,True,,
eval_world_000016,final_prompt,True__Unknown,0.03412178365720643,0.033382922410964966,576,False,0.029106871697349823,0.005014911959856608
eval_world_000016,final_prompt,Unknown,0.02782791939334593,0.028210461139678955,276,True,,
eval_world_000017,final_prompt,False,0.029313186804453533,0.030384302139282227,276,True,,
eval_world_000017,final_prompt,False__True,0.045822480900420084,0.04230767488479614,576,False,0.02930690035008002,0.016515580550340064
eval_world_000017,final_prompt,False__Unknown,0.032033465802669525,0.03303635120391846,576,False,0.026590559253658073,0.005442906549011452
eval_world_000017,final_prompt,True,0.02930061389570651,0.025426745414733887,276,True,,
eval_world_000017,final_prompt,True__Unknown,0.0331649709906843,0.03104385733604431,576,False,0.02658427279928456,0.006580698191399739
eval_world_000017,final_prompt,Unknown,0.023867931702862614,0.02532505989074707,276,True,,
eval_world_000018,final_prompt,False,0.021695645607036095,0.02256166934967041,276,True,,
eval_world_000018,final_prompt,False__True,0.04178109516700109,0.038746178150177,576,False,0.030107973818329796,0.011673121348671295
eval_world_000018,final_prompt,False__Unknown,0.029256268093983333,0.029382973909378052,576,False,0.022351713824099388,0.006904554269883945
eval_world_000018,final_prompt,True,0.038520302029623504,0.03823333978652954,276,True,,
eval_world_000018,final_prompt,True__Unknown,0.03808657990561591,0.03584939241409302,576,False,0.030764042035393093,0.007322537870222818
eval_world_000018,final_prompt,Unknown,0.023007782041162685,0.024042606353759766,276,True,,
eval_world_000000,prompt_tail_mean,False,0.02855034345302029,0.02871638536453247,276,True,,
eval_world_000000,prompt_tail_mean,False__True,0.03521680335203806,0.035378098487854004,576,False,0.029333395262559254,0.0058834080894788095
eval_world_000000,prompt_tail_mean,False__Unknown,0.03249008746610747,0.03148582577705383,576,False,0.028989625905734905,0.0035004615603725676
eval_world_000000,prompt_tail_mean,True,0.03011644707209822,0.03014218807220459,276,True,,
eval_world_000000,prompt_tail_mean,True__Unknown,0.035394166906674705,0.03607398271560669,576,False,0.029772677715273872,0.005621489191400833
eval_world_000000,prompt_tail_mean,Unknown,0.02942890835844952,0.0323331356048584,276,True,,
eval_world_000001,prompt_tail_mean,False,0.03036018601362256,0.0315893292427063,276,True,,
eval_world_000001,prompt_tail_mean,False__True,0.03344602551725176,0.03464043140411377,576,False,0.031816221989583275,0.0016298035276684844
eval_world_000001,prompt_tail_mean,False__Unknown,0.03348624292347166,0.034719765186309814,576,False,0.03146039705345596,0.0020258458700156967
eval_world_000001,prompt_tail_mean,True,0.033272257965544,0.03673940896987915,276,True,,
eval_world_000001,prompt_tail_mean,True__Unknown,0.03444974993666013,0.03615760803222656,576,False,0.03291643302941668,0.0015333169072434538
eval_world_000001,prompt_tail_mean,Unknown,0.03256060809328936,0.03497910499572754,276,True,,
eval_world_000002,prompt_tail_mean,False,0.02808236190374347,0.029332280158996582,276,True,,
eval_world_000002,prompt_tail_mean,False__True,0.040737090011437736,0.04033634066581726,576,False,0.031195221603780552,0.009541868407657184
eval_world_000002,prompt_tail_mean,False__Unknown,0.035653337836265564,0.03689169883728027,576,False,0.029208416200202446,0.006444921636063118
eval_world_000002,prompt_tail_mean,True,0.03430808130381764,0.035575687885284424,276,True,,
eval_world_000002,prompt_tail_mean,True__Unknown,0.042230285704135895,0.041785478591918945,576,False,0.03232127590023953,0.009909009803896363
eval_world_000002,prompt_tail_mean,Unknown,0.030334470496661423,0.032393455505371094,276,True,,
eval_world_000003,prompt_tail_mean,False,0.026215210772942806,0.029266715049743652,276,True,,
eval_world_000003,prompt_tail_mean,False__True,0.03477204839388529,0.036630868911743164,576,False,0.03090017666851265,0.003871871725372643
eval_world_000003,prompt_tail_mean,False__Unknown,0.030331468002663717,0.03315052390098572,576,False,0.027502837712350098,0.002828630290313619
eval_world_000003,prompt_tail_mean,True,0.03558514256408249,0.039267539978027344,276,True,,
eval_world_000003,prompt_tail_mean,True__Unknown,0.03564917834268676,0.035665154457092285,576,False,0.032187803607919944,0.003461374734766813
eval_world_000003,prompt_tail_mean,Unknown,0.028790464651757393,0.03127455711364746,276,True,,
eval_world_000004,prompt_tail_mean,False,0.028784401390863502,0.030245542526245117,276,True,,
eval_world_000004,prompt_tail_mean,False__True,0.032606210145685405,0.0345759391784668,576,False,0.026845504948194477,0.005760705197490928
eval_world_000004,prompt_tail_mean,False__Unknown,0.03296845075156954,0.03285270929336548,576,False,0.030986006817092068,0.0019824439344774715
eval_world_000004,prompt_tail_mean,True,0.02490660850552545,0.026373982429504395,276,True,,
eval_world_000004,prompt_tail_mean,True__Unknown,0.03678683481282658,0.036824047565460205,576,False,0.029047110374423042,0.007739724438403539
eval_world_000004,prompt_tail_mean,Unknown,0.03318761224332063,0.03375804424285889,276,True,,
eval_world_000005,prompt_tail_mean,False,0.019613369435503864,0.0217360258102417,276,True,,
eval_world_000005,prompt_tail_mean,False__True,0.03642158334453901,0.0362449586391449,576,False,0.02706658559432928,0.009354997750209728
eval_world_000005,prompt_tail_mean,False__Unknown,0.03209673489133517,0.03242993354797363,576,False,0.02104447522889013,0.011052259662445038
eval_world_000005,prompt_tail_mean,True,0.0345198017531547,0.0379941463470459,276,True,,
eval_world_000005,prompt_tail_mean,True__Unknown,0.03129797842767504,0.03162747621536255,576,False,0.028497691387715546,0.0028002870399594926
eval_world_000005,prompt_tail_mean,Unknown,0.022475581022276394,0.02251291275024414,276,True,,
eval_world_000006,prompt_tail_mean,False,0.02488659754179526,0.025626301765441895,276,True,,
eval_world_000006,prompt_tail_mean,False__True,0.030308697786596086,0.03071516752243042,576,False,0.023720862964789074,0.006587834821807012
eval_world_000006,prompt_tail_mean,False__Unknown,0.028826704455746546,0.029292911291122437,576,False,0.02406572161809258,0.004760982837653967
eval_world_000006,prompt_tail_mean,True,0.022555128387782886,0.02449500560760498,276,True,,
eval_world_000006,prompt_tail_mean,True__Unknown,0.03531070384714338,0.035671085119247437,576,False,0.02289998704108639,0.01241071680605699
eval_world_000006,prompt_tail_mean,Unknown,0.023244845694389896,0.024196326732635498,276,True,,
eval_world_000007,prompt_tail_mean,False,0.02834311818731004,0.028924882411956787,276,True,,
eval_world_000007,prompt_tail_mean,False__True,0.03263063190711869,0.03412535786628723,576,False,0.02632171088370724,0.006308921023411452
eval_world_000007,prompt_tail_mean,False__Unknown,0.02803472222553359,0.02849850058555603,576,False,0.02404949608920277,0.00398522613633082
eval_world_000007,prompt_tail_mean,True,0.024300303580104442,0.025440216064453125,276,True,,
eval_world_000007,prompt_tail_mean,True__Unknown,0.026632162017954722,0.027338743209838867,576,False,0.02202808878559997,0.00460407323235475
eval_world_000007,prompt_tail_mean,Unknown,0.0197558739910955,0.020723342895507812,276,True,,
eval_world_000008,prompt_tail_mean,False,0.023498342952866486,0.02493596076965332,276,True,,
eval_world_000008,prompt_tail_mean,False__True,0.03382484532064862,0.0343242883682251,576,False,0.03004363902669022,0.003781206293958398
eval_world_000008,prompt_tail_mean,False__Unknown,0.03853684580988354,0.038358986377716064,576,False,0.027888614630353623,0.01064823117952992
eval_world_000008,prompt_tail_mean,True,0.036588935100513954,0.033895254135131836,276,True,,
eval_world_000008,prompt_tail_mean,True__Unknown,0.03908688285284572,0.035762906074523926,576,False,0.03443391070417736,0.004652972148668361
eval_world_000008,prompt_tail_mean,Unknown,0.03227888630784076,0.032916486263275146,276,True,,
eval_world_000009,prompt_tail_mean,False,0.026718192342398823,0.02796638011932373,276,True,,
eval_world_000009,prompt_tail_mean,False__True,0.03709673136472702,0.037338197231292725,576,False,0.032770485765692116,0.004326245599034904
eval_world_000009,prompt_tail_mean,False__Unknown,0.027935906416840024,0.02884286642074585,576,False,0.02573183632415274,0.002204070092687284
eval_world_000009,prompt_tail_mean,True,0.03882277918898541,0.04407221078872681,276,True,,
eval_world_000009,prompt_tail_mean,True__Unknown,0.03478516762455305,0.03599134087562561,576,False,0.03178412974744603,0.003001037877107017
eval_world_000009,prompt_tail_mean,Unknown,0.024745480305906654,0.025652647018432617,276,True,,
eval_world_000010,prompt_tail_mean,False,0.02813737137594085,0.028821825981140137,276,True,,
eval_world_000010,prompt_tail_mean,False__True,0.035186911622683205,0.03543722629547119,576,False,0.03159507104884023,0.003591840573842972
eval_world_000010,prompt_tail_mean,False__Unknown,0.031119093712833192,0.03274416923522949,576,False,0.0245326976629271,0.006586396049906091
eval_world_000010,prompt_tail_mean,True,0.035052770721739616,0.03792679309844971,276,True,,
eval_world_000010,prompt_tail_mean,True__Unknown,0.03572296185625924,0.03668394684791565,576,False,0.02799039733582649,0.007732564520432753
eval_world_000010,prompt_tail_mean,Unknown,0.020928023949913357,0.021817684173583984,276,True,,
eval_world_000011,prompt_tail_mean,False,0.02797760782034501,0.026961803436279297,276,True,,
eval_world_000011,prompt_tail_mean,False__True,0.030973444796270795,0.03104245662689209,576,False,0.02840520743874536,0.002568237357525434
eval_world_000011,prompt_tail_mean,False__Unknown,0.037220895290374756,0.036480873823165894,576,False,0.02542662987674492,0.011794265413629837
eval_world_000011,prompt_tail_mean,True,0.028832807057145714,0.029465675354003906,276,True,,
eval_world_000011,prompt_tail_mean,True__Unknown,0.03408655358685388,0.033879369497299194,576,False,0.02585422949514527,0.008232324091708605
eval_world_000011,prompt_tail_mean,Unknown,0.022875651933144833,0.024577677249908447,276,True,,
eval_world_000012,prompt_tail_mean,False,0.04051282937112062,0.04007315635681152,276,True,,
eval_world_000012,prompt_tail_mean,False__True,0.04078457463118765,0.03828132152557373,576,False,0.03545403772074243,0.005330536910445216
eval_world_000012,prompt_tail_mean,False__Unknown,0.04342902451753616,0.04417523741722107,576,False,0.03499492970497712,0.008434094812559044
eval_world_000012,prompt_tail_mean,True,0.030395246070364246,0.031047523021697998,276,True,,
eval_world_000012,prompt_tail_mean,True__Unknown,0.04815430111355252,0.04706460237503052,576,False,0.029936138054598934,0.018218163058953584
eval_world_000012,prompt_tail_mean,Unknown,0.029477030038833618,0.028336405754089355,276,True,,
eval_world_000013,prompt_tail_mean,False,0.028261599765307663,0.030785083770751953,276,True,,
eval_world_000013,prompt_tail_mean,False__True,0.03751242574718264,0.03764703869819641,576,False,0.032668686647346054,0.004843739099836583
eval_world_000013,prompt_tail_mean,False__Unknown,0.03357088772786988,0.03428572416305542,576,False,0.0306645176116971,0.0029063701161727816
eval_world_000013,prompt_tail_mean,True,0.037075773529384445,0.03673994541168213,276,True,,
eval_world_000013,prompt_tail_mean,True__Unknown,0.03746834397315979,0.03793293237686157,576,False,0.035071604493735496,0.002396739479424294
eval_world_000013,prompt_tail_mean,Unknown,0.03306743545808654,0.035460710525512695,276,True,,
eval_world_000014,prompt_tail_mean,False,0.03448873693528383,0.03605830669403076,276,True,,
eval_world_000014,prompt_tail_mean,False__True,0.035565097712808184,0.03685864806175232,576,False,0.03240572488394337,0.0031593728288648176
eval_world_000014,prompt_tail_mean,False__Unknown,0.03413939020699925,0.034530699253082275,576,False,0.03308526880067328,0.001054121406325971
eval_world_000014,prompt_tail_mean,True,0.0303227128326029,0.03351294994354248,276,True,,
eval_world_000014,prompt_tail_mean,True__Unknown,0.03549494925472471,0.036594271659851074,576,False,0.031002256749332813,0.004492692505391898
eval_world_000014,prompt_tail_mean,Unknown,0.03168180066606273,0.03391718864440918,276,True,,
eval_world_000015,prompt_tail_mean,False,0.032736842183099274,0.03328275680541992,276,True,,
eval_world_000015,prompt_tail_mean,False__True,0.03484324407246378,0.035527199506759644,576,False,0.03236841863912085,0.002474825433342931
eval_world_000015,prompt_tail_mean,False__Unknown,0.03349806285566754,0.03387722373008728,576,False,0.02883303597353507,0.0046650268821324704
eval_world_000015,prompt_tail_mean,True,0.03199999509514242,0.032483816146850586,276,True,,
eval_world_000015,prompt_tail_mean,True__Unknown,0.03224862491091093,0.034420907497406006,576,False,0.02846461242955664,0.003784012481354286
eval_world_000015,prompt_tail_mean,Unknown,0.02492922976397086,0.023984193801879883,276,True,,
eval_world_000016,prompt_tail_mean,False,0.034812946898349816,0.03472107648849487,276,True,,
eval_world_000016,prompt_tail_mean,False__True,0.03570082990659608,0.03632470965385437,576,False,0.03233873293451641,0.0033620969720796687
eval_world_000016,prompt_tail_mean,False__Unknown,0.0413837114142047,0.04355552792549133,576,False,0.032497221684974174,0.008886489729230528
eval_world_000016,prompt_tail_mean,True,0.029864518970683002,0.03289669752120972,276,True,,
eval_world_000016,prompt_tail_mean,True__Unknown,0.037257105112075806,0.03795510530471802,576,False,0.030023007721140766,0.00723409739093504
eval_world_000016,prompt_tail_mean,Unknown,0.03018149647159853,0.031888723373413086,276,True,,
eval_world_000017,prompt_tail_mean,False,0.027870731293291286,0.02940613031387329,276,True,,
eval_world_000017,prompt_tail_mean,False__True,0.041627236952384315,0.040266454219818115,576,False,0.028417151043380516,0.0132100859090038
eval_world_000017,prompt_tail_mean,False__Unknown,0.03320260221759478,0.035468339920043945,576,False,0.027781109555044037,0.005421492662550743
eval_world_000017,prompt_tail_mean,True,0.028963570793469746,0.029795706272125244,276,True,,
eval_world_000017,prompt_tail_mean,True__Unknown,0.032902790440453425,0.032783299684524536,576,False,0.028327529305133266,0.0045752611353201585
eval_world_000017,prompt_tail_mean,Unknown,0.027691487816796787,0.029833674430847168,276,True,,
eval_world_000018,prompt_tail_mean,False,0.029956648315208546,0.03071492910385132,276,True,,
eval_world_000018,prompt_tail_mean,False__True,0.0378153377936946,0.038164377212524414,576,False,0.03192736953496933,0.005887968258725271
eval_world_000018,prompt_tail_mean,False__Unknown,0.03525756506456269,0.036218881607055664,576,False,0.028682523987431457,0.006575041077131236
eval_world_000018,prompt_tail_mean,True,0.03389809075473012,0.03538030385971069,276,True,,
eval_world_000018,prompt_tail_mean,True__Unknown,0.035516002111964755,0.03474324941635132,576,False,0.03065324520719224,0.004862756904772513
eval_world_000018,prompt_tail_mean,Unknown,0.02740839965965437,0.028587937355041504,276,True,,
eval_world_000000,verdict_token,False,0.032730203175890274,0.039550602436065674,276,True,,
eval_world_000000,verdict_token,False__True,0.0334722755683793,0.03802874684333801,576,False,0.026858869562114494,0.006613406006264803
eval_world_000000,verdict_token,False__Unknown,0.03260420262813568,0.03318601846694946,576,False,0.031154776612917583,0.0014494260152180978
eval_world_000000,verdict_token,True,0.020987535948338715,0.018004119396209717,276,True,,
eval_world_000000,verdict_token,True__Unknown,0.031043873065047793,0.024682462215423584,576,False,0.025283442999141804,0.005760430065905989
eval_world_000000,verdict_token,Unknown,0.029579350049944893,0.034768879413604736,276,True,,
eval_world_000001,verdict_token,False,0.02441678703695104,0.01707005500793457,276,True,,
eval_world_000001,verdict_token,False__True,0.022288052986065548,0.01764678955078125,576,False,0.019152131957420403,0.003135921028645145
eval_world_000001,verdict_token,False__Unknown,0.023176296303669613,0.0170135498046875,576,False,0.02131549981625184,0.0018607964874177742
eval_world_000001,verdict_token,True,0.01388747687788977,0.014828324317932129,276,True,,
eval_world_000001,verdict_token,True__Unknown,0.017309300187561247,0.015478193759918213,576,False,0.016050844736721203,0.0012584554508400445
eval_world_000001,verdict_token,Unknown,0.01821421259555264,0.014485716819763184,276,True,,
eval_world_000002,verdict_token,False,0.023030280850935673,0.01602029800415039,276,True,,
eval_world_000002,verdict_token,False__True,0.023781551669041317,0.019757747650146484,576,False,0.019333553163037785,0.004447998506003532
eval_world_000002,verdict_token,False__Unknown,0.030726886457867093,0.0313895046710968,576,False,0.026472907351410908,0.004253979106456186
eval_world_000002,verdict_token,True,0.015636825475139893,0.01702815294265747,276,True,,
eval_world_000002,verdict_token,True__Unknown,0.03417761458290948,0.034028202295303345,576,False,0.02277617966351302,0.01140143491939646
eval_world_000002,verdict_token,Unknown,0.029915533851886143,0.03738754987716675,276,True,,
eval_world_000003,verdict_token,False,0.025921578640523163,0.01768028736114502,276,True,,
eval_world_000003,verdict_token,False__True,0.024939113193088107,0.018600106239318848,576,False,0.020256746290386585,0.0046823669027015215
eval_world_000003,verdict_token,False__Unknown,0.026038567225138348,0.01944589614868164,576,False,0.024968155808206917,0.0010704114169314306
eval_world_000003,verdict_token,True,0.01459191394025001,0.014990091323852539,276,True,,
eval_world_000003,verdict_token,True__Unknown,0.02339924168255594,0.017756909132003784,576,False,0.01930332345807034,0.004095918224485601
eval_world_000003,verdict_token,Unknown,0.02401473297589067,0.015582799911499023,276,True,,
eval_world_000004,verdict_token,False,0.022743334588797195,0.019686758518218994,276,True,,
eval_world_000004,verdict_token,False__True,0.02160976454615593,0.019680500030517578,576,False,0.01784077891405078,0.0037689856321051485
eval_world_000004,verdict_token,False__Unknown,0.03605627889434496,0.04423224925994873,576,False,0.02782385850298232,0.008232420391362644
eval_world_000004,verdict_token,True,0.012938223239304363,0.012933611869812012,276,True,,
eval_world_000004,verdict_token,True__Unknown,0.0377325928873486,0.046660780906677246,576,False,0.0229213028282359,0.014811290059112699
eval_world_000004,verdict_token,Unknown,0.03290438241716744,0.04238927364349365,276,True,,
eval_world_000005,verdict_token,False,0.01577252063198366,0.012462377548217773,276,True,,
eval_world_000005,verdict_token,False__True,0.046513311151001185,0.047521501779556274,576,False,0.016062092845854553,0.030451218305146632
eval_world_000005,verdict_token,False__Unknown,0.0391476307478216,0.045434772968292236,576,False,0.02058202848918196,0.018565602258639638
eval_world_000005,verdict_token,True,0.016351665059725445,0.01606428623199463,276,True,,
eval_world_000005,verdict_token,True__Unknown,0.025967272619406383,0.02221795916557312,576,False,0.020871600703052853,0.005095671916353531
eval_world_000005,verdict_token,Unknown,0.02539153634638026,0.015415310859680176,276,True,,
eval_world_000006,verdict_token,False,0.0170724683481714,0.012767314910888672,276,True,,
eval_world_000006,verdict_token,False__True,0.021333611259857815,0.01555478572845459,576,False,0.01827414744142173,0.0030594638184360846
eval_world_000006,verdict_token,False__Unknown,0.01932383535636796,0.01454213261604309,576,False,0.018189407993054043,0.0011344273633139175
eval_world_000006,verdict_token,True,0.01947582653467206,0.012697875499725342,276,True,,
eval_world_000006,verdict_token,True__Unknown,0.02396587034066518,0.01791265606880188,576,False,0.019391087086304375,0.004574783254360806
eval_world_000006,verdict_token,Unknown,0.019306347637936688,0.013825774192810059,276,True,,
eval_world_000007,verdict_token,False,0.02786876520384913,0.020142972469329834,276,True,,
eval_world_000007,verdict_token,False__True,0.04193791043427256,0.04663786292076111,576,False,0.02093387891848882,0.021004031515783738
eval_world_000007,verdict_token,False__Unknown,0.04015993575255076,0.04556885361671448,576,False,0.020619545185911484,0.019540390566639275
eval_world_000007,verdict_token,True,0.013998992633128511,0.014989912509918213,276,True,,
eval_world_000007,verdict_token,True__Unknown,0.01648301672604349,0.014242410659790039,576,False,0.013684658900551174,0.0027983578254923147
eval_world_000007,verdict_token,Unknown,0.013370325167973837,0.012916624546051025,276,True,,
eval_world_000008,verdict_token,False,0.02043106504108595,0.013804256916046143,276,True,,
eval_world_000008,verdict_token,False__True,0.02651957091357973,0.022186964750289917,576,False,0.024493169525395268,0.002026401388184461
eval_world_000008,verdict_token,False__Unknown,0.0323046673503187,0.038314640522003174,576,False,0.02605630727349848,0.006248360076820218
eval_world_000008,verdict_token,True,0.02855527400970459,0.02249586582183838,276,True,,
eval_world_000008,verdict_token,True__Unknown,0.033828172004885144,0.04032415151596069,576,False,0.0301184117578078,0.003709760247077344
eval_world_000008,verdict_token,Unknown,0.03168154950591101,0.03790324926376343,276,True,,
eval_world_000009,verdict_token,False,0.02716904079568559,0.017771244049072266,276,True,,
eval_world_000009,verdict_token,False__True,0.029774045364724264,0.022017300128936768,576,False,0.025614914038906925,0.004159131325817338
eval_world_000009,verdict_token,False__Unknown,0.025966481616099674,0.01736772060394287,576,False,0.025652377933695698,0.0003141036824039767
eval_world_000009,verdict_token,True,0.024060787282128265,0.023149073123931885,276,True,,
eval_world_000009,verdict_token,True__Unknown,0.026969051609436672,0.0220223069190979,576,False,0.024098251176917034,0.002870800432519638
eval_world_000009,verdict_token,Unknown,0.024135715071705803,0.015082359313964844,276,True,,
eval_world_000010,verdict_token,False,0.03250672873379527,0.0338817834854126,276,True,,
eval_world_000010,verdict_token,False__True,0.031116857710811827,0.02636939287185669,576,False,0.026432518293892128,0.004684339416919699
eval_world_000010,verdict_token,False__Unknown,0.03148708285556899,0.02817094326019287,576,False,0.02907546458468921,0.002411618270879781
eval_world_000010,verdict_token,True,0.02035830785398898,0.015719711780548096,276,True,,
eval_world_000010,verdict_token,True__Unknown,0.028608933091163635,0.02147960662841797,576,False,0.02300125414478606,0.005607678946377575
eval_world_000010,verdict_token,Unknown,0.02564420043558314,0.01856100559234619,276,True,,
eval_world_000011,verdict_token,False,0.028744003910949265,0.037029266357421875,276,True,,
eval_world_000011,verdict_token,False__True,0.030327769617239635,0.03234860301017761,576,False,0.02795240779717763,0.002375361820062004
eval_world_000011,verdict_token,False__Unknown,0.032532699406147,0.032946884632110596,576,False,0.027537931458673615,0.004994767947473389
eval_world_000011,verdict_token,True,0.027160811683406002,0.01991504430770874,276,True,,
eval_world_000011,verdict_token,True__Unknown,0.03336359353529082,0.043144166469573975,576,False,0.026746335344901985,0.0066172581903888375
eval_world_000011,verdict_token,Unknown,0.026331859006397965,0.036871254444122314,276,True,,
eval_world_000012,verdict_token,False,0.033492748720058495,0.04044908285140991,276,True,,
eval_world_000012,verdict_token,False__True,0.03341872327857547,0.032901227474212646,576,False,0.03074258339145909,0.0026761398871163813
eval_world_000012,verdict_token,False__Unknown,0.03282770390311877,0.03592070937156677,576,False,0.029757298529148102,0.003070405373970665
eval_world_000012,verdict_token,True,0.027992418062859688,0.025368452072143555,276,True,,
eval_world_000012,verdict_token,True__Unknown,0.03375334002905422,0.03006213903427124,576,False,0.0270071332005487,0.006746206828505519
eval_world_000012,verdict_token,Unknown,0.02602184833823771,0.016628384590148926,276,True,,
eval_world_000013,verdict_token,False,0.025615560619727425,0.020053386688232422,276,True,,
eval_world_000013,verdict_token,False__True,0.030158308645089466,0.02351239323616028,576,False,0.02772056548923686,0.0024377431558526078
eval_world_000013,verdict_token,False__Unknown,0.0301167004638248,0.03777575492858887,576,False,0.02733924974134003,0.0027774507224847707
eval_world_000013,verdict_token,True,0.029825570358746292,0.02187979221343994,276,True,,
eval_world_000013,verdict_token,True__Unknown,0.03179027926590708,0.037033408880233765,576,False,0.029444254610849464,0.0023460246550576144
eval_world_000013,verdict_token,Unknown,0.029062938862952633,0.03300231695175171,276,True,,
eval_world_000014,verdict_token,False,0.03127603535202966,0.021993517875671387,276,True,,
eval_world_000014,verdict_token,False__True,0.025312828107012644,0.019213616847991943,576,False,0.0214786217480466,0.003834206358966044
eval_world_000014,verdict_token,False__Unknown,0.026373187286986247,0.020575135946273804,576,False,0.025241520201814346,0.0011316670851719002
eval_world_000014,verdict_token,True,0.011681208144063536,0.012796998023986816,276,True,,
eval_world_000014,verdict_token,True__Unknown,0.016932718455791473,0.014692157506942749,576,False,0.015444106597831284,0.0014886118579601898
eval_world_000014,verdict_token,Unknown,0.019207005051599033,0.015462279319763184,276,True,,
eval_world_000015,verdict_token,False,0.030113577626753544,0.0226438045501709,276,True,,
eval_world_000015,verdict_token,False__True,0.030064527359273698,0.020597755908966064,576,False,0.029630973287250683,0.0004335540720230152
eval_world_000015,verdict_token,False__Unknown,0.02728875892029868,0.021126538515090942,576,False,0.022263209241023964,0.005025549679274717
eval_world_000015,verdict_token,True,0.029148368947747826,0.0207211971282959,276,True,,
eval_world_000015,verdict_token,True__Unknown,0.026049248460266326,0.017823517322540283,576,False,0.021780604901521103,0.004268643558745223
eval_world_000015,verdict_token,Unknown,0.01441284085529438,0.013955891132354736,276,True,,
eval_world_000016,verdict_token,False,0.031224255328593048,0.03809398412704468,276,True,,
eval_world_000016,verdict_token,False__True,0.03032605267233319,0.023469895124435425,576,False,0.02806081601243088,0.0022652366599023067
eval_world_000016,verdict_token,False__Unknown,0.03192561699284448,0.025837421417236328,576,False,0.02769289327704388,0.004232723715800597
eval_world_000016,verdict_token,True,0.02489737669626872,0.020598173141479492,276,True,,
eval_world_000016,verdict_token,True__Unknown,0.027288725392685995,0.020948439836502075,576,False,0.024529453960881718,0.002759271431804277
eval_world_000016,verdict_token,Unknown,0.024161531225494717,0.016684353351593018,276,True,,
eval_world_000017,verdict_token,False,0.03042933085690374,0.039946556091308594,276,True,,
eval_world_000017,verdict_token,False__True,0.03435668349266052,0.03688505291938782,576,False,0.021649992228418156,0.012706691264242367
eval_world_000017,verdict_token,False__Unknown,0.03192850574851036,0.03277391195297241,576,False,0.024764098658941795,0.0071644070895685655
eval_world_000017,verdict_token,True,0.012870653599932573,0.01263570785522461,276,True,,
eval_world_000017,verdict_token,True__Unknown,0.018547179798285168,0.015462428331375122,576,False,0.01598476003045621,0.0025624197678289565
eval_world_000017,verdict_token,Unknown,0.019098866460979847,0.01505059003829956,276,True,,
eval_world_000018,verdict_token,False,0.013671960087790005,0.013929128646850586,276,True,,
eval_world_000018,verdict_token,False__True,0.04892910644412041,0.04845967888832092,576,False,0.014588955303897028,0.03434015114022338
eval_world_000018,verdict_token,False__Unknown,0.039925439904133476,0.0457817018032074,576,False,0.019860353158867878,0.0200650867452656
eval_world_000018,verdict_token,True,0.015505950520004051,0.016004502773284912,276,True,,
eval_world_000018,verdict_token,True__Unknown,0.0269524103237523,0.02134603261947632,576,False,0.0207773483749749,0.0061750619487773994
eval_world_000018,verdict_token,Unknown,0.02604874622994575,0.019447922706604004,276,True,,
eval_world_000000,verdict_span_mean,False,0.014257606820783753,0.01871621608734131,276,True,,
eval_world_000000,verdict_span_mean,False__True,0.014359980407688353,0.015446484088897705,576,False,0.011570302688557169,0.0027896777191311842
eval_world_000000,verdict_span_mean,False__Unknown,0.014342297696404986,0.014875203371047974,576,False,0.013656570643618486,0.0006857270527864997
eval_world_000000,verdict_span_mean,True,0.008882998556330584,0.007696092128753662,276,True,,
eval_world_000000,verdict_span_mean,True__Unknown,0.013383693993091583,0.010771602392196655,576,False,0.010969266511391903,0.0024144274816996804
eval_world_000000,verdict_span_mean,Unknown,0.01305553446645322,0.0145949125289917,276,True,,
eval_world_000001,verdict_span_mean,False,0.011749763203703838,0.008270084857940674,276,True,,
eval_world_000001,verdict_span_mean,False__True,0.01041857111785147,0.008205771446228027,576,False,0.009053281467893848,0.0013652896499576211
eval_world_000001,verdict_span_mean,False__Unknown,0.011012165082825555,0.008302897214889526,576,False,0.010152250528335571,0.0008599145544899833
eval_world_000001,verdict_span_mean,True,0.0063567997320838595,0.00657421350479126,276,True,,
eval_world_000001,verdict_span_mean,True__Unknown,0.007907052006986406,0.007119804620742798,576,False,0.007455768792525581,0.00045128321446082434
eval_world_000001,verdict_span_mean,Unknown,0.008554737852967304,0.007191181182861328,276,True,,
eval_world_000002,verdict_span_mean,False,0.01045839596485746,0.007341742515563965,276,True,,
eval_world_000002,verdict_span_mean,False__True,0.010515257716178894,0.008462667465209961,576,False,0.008676264920960302,0.0018389927952185917
eval_world_000002,verdict_span_mean,False__Unknown,0.013742327690124512,0.013860344886779785,576,False,0.011986016687275707,0.0017563110028488045
eval_world_000002,verdict_span_mean,True,0.006894133877063143,0.007706582546234131,276,True,,
eval_world_000002,verdict_span_mean,True__Unknown,0.015037034120824602,0.01450774073600769,576,False,0.010203885643378548,0.004833148477446054
eval_world_000002,verdict_span_mean,Unknown,0.013513637409693953,0.016342461109161377,276,True,,
eval_world_000003,verdict_span_mean,False,0.01179382960865463,0.008169412612915039,276,True,,
eval_world_000003,verdict_span_mean,False__True,0.01129535585641861,0.008261114358901978,576,False,0.009369236187658447,0.0019261196687601623
eval_world_000003,verdict_span_mean,False__Unknown,0.011512773732344309,0.008075892925262451,576,False,0.011221808799798939,0.00029096493254537024
eval_world_000003,verdict_span_mean,True,0.006944642766662266,0.007112979888916016,276,True,,
eval_world_000003,verdict_span_mean,True__Unknown,0.010383566634522544,0.007996678352355957,576,False,0.008797215378802755,0.0015863512557197888
eval_world_000003,verdict_span_mean,Unknown,0.010649787990943245,0.007102370262145996,276,True,,
eval_world_000004,verdict_span_mean,False,0.010052942063497461,0.008749544620513916,276,True,,
eval_world_000004,verdict_span_mean,False__True,0.009183219323555628,0.00846680998802185,576,False,0.007963152251381805,0.0012200670721738225
eval_world_000004,verdict_span_mean,False__Unknown,0.01590208833416303,0.01905357837677002,576,False,0.012295580320600151,0.003606508013562878
eval_world_000004,verdict_span_mean,True,0.0058733624392661495,0.006181001663208008,276,True,,
eval_world_000004,verdict_span_mean,True__Unknown,0.016059585743480258,0.02042919397354126,576,False,0.010205790508484495,0.005853795234995763
eval_world_000004,verdict_span_mean,Unknown,0.01453821857770284,0.017712295055389404,276,True,,
eval_world_000005,verdict_span_mean,False,0.0071740789689879484,0.005969703197479248,276,True,,
eval_world_000005,verdict_span_mean,False__True,0.020199534793694813,0.021018624305725098,576,False,0.0072322410085926886,0.012967293785102123
eval_world_000005,verdict_span_mean,False__Unknown,0.016937706619501114,0.020508795976638794,576,False,0.009541255408439083,0.007396451211062031
eval_world_000005,verdict_span_mean,True,0.007290403048197429,0.00751572847366333,276,True,,
eval_world_000005,verdict_span_mean,True__Unknown,0.011854949510759778,0.00995287299156189,576,False,0.009599417448043823,0.002255532062715955
eval_world_000005,verdict_span_mean,Unknown,0.011908431847890219,0.00800776481628418,276,True,,
eval_world_000006,verdict_span_mean,False,0.007786935222321662,0.0062291622161865234,276,True,,
eval_world_000006,verdict_span_mean,False__True,0.009791412287288241,0.007348358631134033,576,False,0.008541171317515165,0.0012502409697730758
eval_world_000006,verdict_span_mean,False__Unknown,0.00839090057545238,0.006407052278518677,576,False,0.0080379418272903,0.0003529587481620796
eval_world_000006,verdict_span_mean,True,0.00929540741270867,0.006836414337158203,276,True,,
eval_world_000006,verdict_span_mean,True__Unknown,0.010810794101821052,0.00833389163017273,576,False,0.008792177922483803,0.002018616179337249
eval_world_000006,verdict_span_mean,Unknown,0.008288948432258938,0.006194949150085449,276,True,,
eval_world_000007,verdict_span_mean,False,0.012490789959396141,0.008959472179412842,276,True,,
eval_world_000007,verdict_span_mean,False__True,0.01813307197557555,0.02049046754837036,576,False,0.009429959715276525,0.008703112260299026
eval_world_000007,verdict_span_mean,False__Unknown,0.01756133966975742,0.020393341779708862,576,False,0.009274246899977974,0.008287092769779444
eval_world_000007,verdict_span_mean,True,0.006369129471156908,0.006586551666259766,276,True,,
eval_world_000007,verdict_span_mean,True__Unknown,0.0072315070364210345,0.0062725841999053955,576,False,0.0062134166558583575,0.001018090380562677
eval_world_000007,verdict_span_mean,Unknown,0.006057703840559808,0.006299376487731934,276,True,,
eval_world_000008,verdict_span_mean,False,0.009661723738131315,0.0060939788818359375,276,True,,
eval_world_000008,verdict_span_mean,False__True,0.011799453861183591,0.009069472551345825,576,False,0.011058893216692883,0.0007405606444907085
eval_world_000008,verdict_span_mean,False__Unknown,0.015083504633771049,0.0187913179397583,576,False,0.012020886160325314,0.0030626184734457353
eval_world_000008,verdict_span_mean,True,0.01245606269525445,0.009060502052307129,276,True,,
eval_world_000008,verdict_span_mean,True__Unknown,0.015077813631958432,0.019133031368255615,576,False,0.01341805563888688,0.0016597579930715516
eval_world_000008,verdict_span_mean,Unknown,0.01438004858251931,0.017576158046722412,276,True,,
eval_world_000009,verdict_span_mean,False,0.012157568897026173,0.008477568626403809,276,True,,
eval_world_000009,verdict_span_mean,False__True,0.012954009075959524,0.009108424186706543,576,False,0.011222324185613274,0.0017316848903462505
eval_world_000009,verdict_span_mean,False__Unknown,0.011951999531851875,0.008082777261734009,576,False,0.011720077067181684,0.0002319224646701902
eval_world_000009,verdict_span_mean,True,0.010287079474200373,0.008997321128845215,276,True,,
eval_world_000009,verdict_span_mean,True__Unknown,0.01174935284588072,0.009166985750198364,576,False,0.010784832355768784,0.0009645204901119371
eval_world_000009,verdict_span_mean,Unknown,0.011282585237337195,0.006917893886566162,276,True,,
eval_world_000010,verdict_span_mean,False,0.013652136792307314,0.014726340770721436,276,True,,
eval_world_000010,verdict_span_mean,False__True,0.01330899116065767,0.011587560176849365,576,False,0.01148736714452937,0.001821624016128301
eval_world_000010,verdict_span_mean,False__Unknown,0.013541142145792643,0.011541038751602173,576,False,0.012621197147645813,0.0009199449981468297
eval_world_000010,verdict_span_mean,True,0.009322597496751427,0.007689833641052246,276,True,,
eval_world_000010,verdict_span_mean,True__Unknown,0.012621225582228767,0.00961083173751831,576,False,0.010456427499867868,0.0021647980823608984
eval_world_000010,verdict_span_mean,Unknown,0.01159025750298431,0.009282708168029785,276,True,,
eval_world_000011,verdict_span_mean,False,0.01427360397318135,0.018312931060791016,276,True,,
eval_world_000011,verdict_span_mean,False__True,0.014728240668773651,0.014851033687591553,576,False,0.013613638670548149,0.001114601998225502
eval_world_000011,verdict_span_mean,False__Unknown,0.015499511112769445,0.015405923128128052,576,False,0.013271562539149021,0.002227948573620424
eval_world_000011,verdict_span_mean,True,0.012953673367914946,0.009335517883300781,276,True,,
eval_world_000011,verdict_span_mean,True__Unknown,0.0156563777062628,0.0198783278465271,576,False,0.01261159723651582,0.0030447804697469813
eval_world_000011,verdict_span_mean,Unknown,0.012269521105116692,0.016227126121520996,276,True,,
eval_world_000012,verdict_span_mean,False,0.014875186958174774,0.01854187250137329,276,True,,
eval_world_000012,verdict_span_mean,False__True,0.014686329083310233,0.01455622911453247,576,False,0.013700886373070703,0.00098544271023953
eval_world_000012,verdict_span_mean,False__Unknown,0.014909740951326158,0.014463841915130615,576,False,0.013435077732023985,0.001474663219302173
eval_world_000012,verdict_span_mean,True,0.012526585787966631,0.010794520378112793,276,True,,
eval_world_000012,verdict_span_mean,True__Unknown,0.015195688853661219,0.012243181467056274,576,False,0.012260777146919914,0.0029349117067413045
eval_world_000012,verdict_span_mean,Unknown,0.011994968505873196,0.008256137371063232,276,True,,
eval_world_000013,verdict_span_mean,False,0.012067933445391447,0.008683264255523682,276,True,,
eval_world_000013,verdict_span_mean,False__True,0.013746845639414258,0.010635346174240112,576,False,0.012546975435554117,0.001199870203860141
eval_world_000013,verdict_span_mean,False__Unknown,0.013527782840861214,0.017674952745437622,576,False,0.012446816740692526,0.0010809661001686885
eval_world_000013,verdict_span_mean,True,0.013026017425716787,0.009844660758972168,276,True,,
eval_world_000013,verdict_span_mean,True__Unknown,0.01401412942343288,0.01732093095779419,576,False,0.012925858730855196,0.0010882706925776833
eval_world_000013,verdict_span_mean,Unknown,0.012825700035993603,0.016309142112731934,276,True,,
eval_world_000014,verdict_span_mean,False,0.01349207499752874,0.009345054626464844,276,True,,
eval_world_000014,verdict_span_mean,False__True,0.011050148142708672,0.008447051048278809,576,False,0.009623374843942946,0.0014267732987657267
eval_world_000014,verdict_span_mean,False__Unknown,0.011386982682678435,0.008946925401687622,576,False,0.010990709498308706,0.0003962731843697286
eval_world_000014,verdict_span_mean,True,0.005754674690357153,0.006521940231323242,276,True,,
eval_world_000014,verdict_span_mean,True__Unknown,0.007858130666944716,0.0069679319858551025,576,False,0.007122009344722914,0.0007361213222218024
eval_world_000014,verdict_span_mean,Unknown,0.008489343999088675,0.007581233978271484,276,True,,
eval_world_000015,verdict_span_mean,False,0.013583151326663252,0.01019287109375,276,True,,
eval_world_000015,verdict_span_mean,False__True,0.01343218982219696,0.009145468473434448,576,False,0.01332989194686862,0.00010229787532834052
eval_world_000015,verdict_span_mean,False__Unknown,0.012104143699010214,0.009251564741134644,576,False,0.009973468663899795,0.0021306750351104183
eval_world_000015,verdict_span_mean,True,0.013076632567073988,0.009649097919464111,276,True,,
eval_world_000015,verdict_span_mean,True__Unknown,0.011613524208466211,0.008187979459762573,576,False,0.009720209284105163,0.0018933149243610479
eval_world_000015,verdict_span_mean,Unknown,0.006363786001136337,0.006337642669677734,276,True,,
eval_world_000016,verdict_span_mean,False,0.013673106181448784,0.019095778465270996,276,True,,
eval_world_000016,verdict_span_mean,False__True,0.0131123558514648,0.01007416844367981,576,False,0.01244297353685766,0.0006693823146071403
eval_world_000016,verdict_span_mean,False__Unknown,0.014127066979805628,0.01046842336654663,576,False,0.012680907828220423,0.0014461591515852051
eval_world_000016,verdict_span_mean,True,0.011212840892266537,0.009000778198242188,276,True,,
eval_world_000016,verdict_span_mean,True__Unknown,0.012613422754738066,0.009646475315093994,576,False,0.011450775183629299,0.0011626475711087672
eval_world_000016,verdict_span_mean,Unknown,0.011688709474992062,0.008662879467010498,276,True,,
eval_world_000017,verdict_span_mean,False,0.014119990277981413,0.018427610397338867,276,True,,
eval_world_000017,verdict_span_mean,False__True,0.015521334691180123,0.01670891046524048,576,False,0.009977735471034395,0.005543599220145728
eval_world_000017,verdict_span_mean,False__Unknown,0.014572021034028795,0.014760226011276245,576,False,0.011454348978788956,0.003117672055239839
eval_world_000017,verdict_span_mean,True,0.0058354806640873785,0.006067216396331787,276,True,,
eval_world_000017,verdict_span_mean,True__Unknown,0.008308781517876519,0.006722569465637207,576,False,0.007312094171841939,0.00099668734603458
eval_world_000017,verdict_span_mean,Unknown,0.0087887076795965,0.007032930850982666,276,True,,
eval_world_000018,verdict_span_mean,False,0.006348765630652939,0.00719904899597168,276,True,,
eval_world_000018,verdict_span_mean,False__True,0.02083687525656488,0.02055022120475769,576,False,0.006424676680910415,0.014412198575654466
eval_world_000018,verdict_span_mean,False__Unknown,0.01762433432870441,0.020512640476226807,576,False,0.008969850082328354,0.008654484246376055
eval_world_000018,verdict_span_mean,True,0.00650058773116789,0.0069234371185302734,276,True,,
eval_world_000018,verdict_span_mean,True__Unknown,0.01132091341747178,0.008986681699752808,576,False,0.009045761132585829,0.0022751522848859507
eval_world_000018,verdict_span_mean,Unknown,0.011590934534003769,0.008706629276275635,276,True,,
